{
    "Atlanta": [33.749, -84.3880],
    "Boston": [42.35843, -71.05977],
    "Dallas": [32.78306, -96.80667],
    "Guadalajara": [20.659698, -103.349609],
    "Houston": [29.7632836, -95.3632715],
    "Kansas City": [39.0997266, -94.5785667],
    "Los Angeles": [34.05223, -118.24368],
    "Mexico City": [19.432608, -99.133209],
    "Miami": [25.77427, -80.19366],
    "Monterrey": [25.68435, -100.31721],
    "New York/New Jersey": [40.71427, -74.00597],
    "Philadelphia": [39.9524, -75.1463],
    "San Francisco": [37.7749, -122.4194],
    "Seattle": [47.6062, -122.3321],
    "Toronto": [43.70643, -79.39864],
    "Vancouver": [49.2497, -123.1193]
  }